"filename", "language", "Markdown", "JSON", "MS SQL", "YAML", "HTML", "CMake", "C++", "Swift", "XML", "Dart", "Python", "Properties", "comment", "blank", "total"
"f:\Projects\ktracer_center\README.md", "Markdown", 2, 0, 0, 0, 0, 0, 0, 0, 0, 0, 0, 0, 0, 2, 4
"f:\Projects\ktracer_center\analysis_options.yaml", "YAML", 0, 0, 0, 1, 0, 0, 0, 0, 0, 0, 0, 0, 0, 1, 2
"f:\Projects\ktracer_center\android\app\src\debug\AndroidManifest.xml", "XML", 0, 0, 0, 0, 0, 0, 0, 0, 3, 0, 0, 0, 4, 1, 8
"f:\Projects\ktracer_center\android\app\src\main\AndroidManifest.xml", "XML", 0, 0, 0, 0, 0, 0, 0, 0, 34, 0, 0, 0, 11, 1, 46
"f:\Projects\ktracer_center\android\app\src\main\res\drawable-v21\launch_background.xml", "XML", 0, 0, 0, 0, 0, 0, 0, 0, 4, 0, 0, 0, 7, 2, 13
"f:\Projects\ktracer_center\android\app\src\main\res\drawable\launch_background.xml", "XML", 0, 0, 0, 0, 0, 0, 0, 0, 4, 0, 0, 0, 7, 2, 13
"f:\Projects\ktracer_center\android\app\src\main\res\values-night\styles.xml", "XML", 0, 0, 0, 0, 0, 0, 0, 0, 9, 0, 0, 0, 9, 1, 19
"f:\Projects\ktracer_center\android\app\src\main\res\values\styles.xml", "XML", 0, 0, 0, 0, 0, 0, 0, 0, 9, 0, 0, 0, 9, 1, 19
"f:\Projects\ktracer_center\android\app\src\profile\AndroidManifest.xml", "XML", 0, 0, 0, 0, 0, 0, 0, 0, 3, 0, 0, 0, 4, 1, 8
"f:\Projects\ktracer_center\android\gradle.properties", "Properties", 0, 0, 0, 0, 0, 0, 0, 0, 0, 0, 0, 3, 0, 1, 4
"f:\Projects\ktracer_center\android\gradle\wrapper\gradle-wrapper.properties", "Properties", 0, 0, 0, 0, 0, 0, 0, 0, 0, 0, 0, 5, 0, 1, 6
"f:\Projects\ktracer_center\ios\RunnerTests\RunnerTests.swift", "Swift", 0, 0, 0, 0, 0, 0, 0, 7, 0, 0, 0, 0, 2, 4, 13
"f:\Projects\ktracer_center\ios\Runner\AppDelegate.swift", "Swift", 0, 0, 0, 0, 0, 0, 0, 12, 0, 0, 0, 0, 0, 2, 14
"f:\Projects\ktracer_center\ios\Runner\Assets.xcassets\AppIcon.appiconset\Contents.json", "JSON", 0, 122, 0, 0, 0, 0, 0, 0, 0, 0, 0, 0, 0, 1, 123
"f:\Projects\ktracer_center\ios\Runner\Assets.xcassets\LaunchImage.imageset\Contents.json", "JSON", 0, 23, 0, 0, 0, 0, 0, 0, 0, 0, 0, 0, 0, 1, 24
"f:\Projects\ktracer_center\ios\Runner\Assets.xcassets\LaunchImage.imageset\README.md", "Markdown", 3, 0, 0, 0, 0, 0, 0, 0, 0, 0, 0, 0, 0, 2, 5
"f:\Projects\ktracer_center\ios\Runner\Base.lproj\LaunchScreen.storyboard", "XML", 0, 0, 0, 0, 0, 0, 0, 0, 36, 0, 0, 0, 1, 1, 38
"f:\Projects\ktracer_center\ios\Runner\Base.lproj\Main.storyboard", "XML", 0, 0, 0, 0, 0, 0, 0, 0, 25, 0, 0, 0, 1, 1, 27
"f:\Projects\ktracer_center\ios\Runner\Runner-Bridging-Header.h", "C++", 0, 0, 0, 0, 0, 0, 1, 0, 0, 0, 0, 0, 0, 1, 2
"f:\Projects\ktracer_center\lib\app_state.dart", "Dart", 0, 0, 0, 0, 0, 0, 0, 0, 0, 176, 0, 0, 17, 36, 229
"f:\Projects\ktracer_center\lib\controllers\device_controller.dart", "Dart", 0, 0, 0, 0, 0, 0, 0, 0, 0, 82, 0, 0, 7, 15, 104
"f:\Projects\ktracer_center\lib\controllers\lock_service.dart", "Dart", 0, 0, 0, 0, 0, 0, 0, 0, 0, 343, 0, 0, 69, 69, 481
"f:\Projects\ktracer_center\lib\database\database.dart", "Dart", 0, 0, 0, 0, 0, 0, 0, 0, 0, 195, 0, 0, 21, 37, 253
"f:\Projects\ktracer_center\lib\devices\device_preset.dart", "Dart", 0, 0, 0, 0, 0, 0, 0, 0, 0, 382, 0, 0, 11, 28, 421
"f:\Projects\ktracer_center\lib\devices\devices.dart", "Dart", 0, 0, 0, 0, 0, 0, 0, 0, 0, 3, 0, 0, 0, 1, 4
"f:\Projects\ktracer_center\lib\devices\lab_inventory.dart", "Dart", 0, 0, 0, 0, 0, 0, 0, 0, 0, 64, 0, 0, 19, 18, 101
"f:\Projects\ktracer_center\lib\devices\switchport.dart", "Dart", 0, 0, 0, 0, 0, 0, 0, 0, 0, 47, 0, 0, 8, 10, 65
"f:\Projects\ktracer_center\lib\main.dart", "Dart", 0, 0, 0, 0, 0, 0, 0, 0, 0, 186, 0, 0, 1, 16, 203
"f:\Projects\ktracer_center\lib\models\models.dart", "Dart", 0, 0, 0, 0, 0, 0, 0, 0, 0, 2, 0, 0, 0, 1, 3
"f:\Projects\ktracer_center\lib\models\net_device.dart", "Dart", 0, 0, 0, 0, 0, 0, 0, 0, 0, 268, 0, 0, 24, 39, 331
"f:\Projects\ktracer_center\lib\models\project.dart", "Dart", 0, 0, 0, 0, 0, 0, 0, 0, 0, 122, 0, 0, 18, 23, 163
"f:\Projects\ktracer_center\lib\network\ipv4.dart", "Dart", 0, 0, 0, 0, 0, 0, 0, 0, 0, 38, 0, 0, 0, 9, 47
"f:\Projects\ktracer_center\lib\network\port.dart", "Dart", 0, 0, 0, 0, 0, 0, 0, 0, 0, 14, 0, 0, 0, 2, 16
"f:\Projects\ktracer_center\lib\network\server.dart", "Dart", 0, 0, 0, 0, 0, 0, 0, 0, 0, 46, 0, 0, 0, 8, 54
"f:\Projects\ktracer_center\lib\network\vlan.dart", "Dart", 0, 0, 0, 0, 0, 0, 0, 0, 0, 17, 0, 0, 0, 3, 20
"f:\Projects\ktracer_center\lib\other-side\client.py", "Python", 0, 0, 0, 0, 0, 0, 0, 0, 0, 0, 508, 0, 71, 91, 670
"f:\Projects\ktracer_center\lib\other-side\manage.py", "Python", 0, 0, 0, 0, 0, 0, 0, 0, 0, 0, 19, 0, 0, 5, 24
"f:\Projects\ktracer_center\lib\other-side\manager.py", "Python", 0, 0, 0, 0, 0, 0, 0, 0, 0, 0, 88, 0, 18, 42, 148
"f:\Projects\ktracer_center\lib\other-side\server.py", "Python", 0, 0, 0, 0, 0, 0, 0, 0, 0, 0, 308, 0, 28, 69, 405
"f:\Projects\ktracer_center\lib\other-side\status.py", "Python", 0, 0, 0, 0, 0, 0, 0, 0, 0, 0, 17, 0, 0, 6, 23
"f:\Projects\ktracer_center\lib\other-side\tunnel.py", "Python", 0, 0, 0, 0, 0, 0, 0, 0, 0, 0, 32, 0, 0, 4, 36
"f:\Projects\ktracer_center\lib\other-side\update.py", "Python", 0, 0, 0, 0, 0, 0, 0, 0, 0, 0, 28, 0, 0, 9, 37
"f:\Projects\ktracer_center\lib\pages\devices_page.dart", "Dart", 0, 0, 0, 0, 0, 0, 0, 0, 0, 45, 0, 0, 1, 8, 54
"f:\Projects\ktracer_center\lib\pages\home_page.dart", "Dart", 0, 0, 0, 0, 0, 0, 0, 0, 0, 679, 0, 0, 12, 32, 723
"f:\Projects\ktracer_center\lib\pages\network_page.dart", "Dart", 0, 0, 0, 0, 0, 0, 0, 0, 0, 42, 0, 0, 2, 8, 52
"f:\Projects\ktracer_center\lib\utils\synced_controller.dart", "Dart", 0, 0, 0, 0, 0, 0, 0, 0, 0, 405, 0, 0, 38, 75, 518
"f:\Projects\ktracer_center\lib\widgets\add_device_dialog.dart", "Dart", 0, 0, 0, 0, 0, 0, 0, 0, 0, 182, 0, 0, 2, 14, 198
"f:\Projects\ktracer_center\lib\widgets\avatar_button.dart", "Dart", 0, 0, 0, 0, 0, 0, 0, 0, 0, 80, 0, 0, 0, 7, 87
"f:\Projects\ktracer_center\lib\widgets\avatar_flyout.dart", "Dart", 0, 0, 0, 0, 0, 0, 0, 0, 0, 98, 0, 0, 1, 5, 104
"f:\Projects\ktracer_center\lib\widgets\device_details\channel_group_list.dart", "Dart", 0, 0, 0, 0, 0, 0, 0, 0, 0, 493, 0, 0, 9, 41, 543
"f:\Projects\ktracer_center\lib\widgets\device_details\device_details.dart", "Dart", 0, 0, 0, 0, 0, 0, 0, 0, 0, 401, 0, 0, 4, 17, 422
"f:\Projects\ktracer_center\lib\widgets\device_details\mac_address_multi_select.dart", "Dart", 0, 0, 0, 0, 0, 0, 0, 0, 0, 310, 0, 0, 10, 27, 347
"f:\Projects\ktracer_center\lib\widgets\device_details\port_list.dart", "Dart", 0, 0, 0, 0, 0, 0, 0, 0, 0, 618, 0, 0, 41, 57, 716
"f:\Projects\ktracer_center\lib\widgets\device_details\port_management.dart", "Dart", 0, 0, 0, 0, 0, 0, 0, 0, 0, 661, 0, 0, 23, 50, 734
"f:\Projects\ktracer_center\lib\widgets\device_details\port_multi_select.dart", "Dart", 0, 0, 0, 0, 0, 0, 0, 0, 0, 301, 0, 0, 6, 29, 336
"f:\Projects\ktracer_center\lib\widgets\device_details\synced_toggle_switch.dart", "Dart", 0, 0, 0, 0, 0, 0, 0, 0, 0, 35, 0, 0, 0, 5, 40
"f:\Projects\ktracer_center\lib\widgets\device_details\vlan_list.dart", "Dart", 0, 0, 0, 0, 0, 0, 0, 0, 0, 204, 0, 0, 3, 23, 230
"f:\Projects\ktracer_center\lib\widgets\device_details\vlan_management.dart", "Dart", 0, 0, 0, 0, 0, 0, 0, 0, 0, 183, 0, 0, 1, 16, 200
"f:\Projects\ktracer_center\lib\widgets\device_details\vlan_multi_select.dart", "Dart", 0, 0, 0, 0, 0, 0, 0, 0, 0, 237, 0, 0, 2, 18, 257
"f:\Projects\ktracer_center\lib\widgets\ip_address_field.dart", "Dart", 0, 0, 0, 0, 0, 0, 0, 0, 0, 79, 0, 0, 0, 17, 96
"f:\Projects\ktracer_center\lib\widgets\title_bar_content.dart", "Dart", 0, 0, 0, 0, 0, 0, 0, 0, 0, 36, 0, 0, 0, 3, 39
"f:\Projects\ktracer_center\linux\CMakeLists.txt", "CMake", 0, 0, 0, 0, 0, 104, 0, 0, 0, 0, 0, 0, 0, 25, 129
"f:\Projects\ktracer_center\linux\flutter\CMakeLists.txt", "CMake", 0, 0, 0, 0, 0, 79, 0, 0, 0, 0, 0, 0, 0, 10, 89
"f:\Projects\ktracer_center\linux\flutter\generated_plugin_registrant.cc", "C++", 0, 0, 0, 0, 0, 0, 27, 0, 0, 0, 0, 0, 4, 5, 36
"f:\Projects\ktracer_center\linux\flutter\generated_plugin_registrant.h", "C++", 0, 0, 0, 0, 0, 0, 5, 0, 0, 0, 0, 0, 5, 6, 16
"f:\Projects\ktracer_center\linux\flutter\generated_plugins.cmake", "CMake", 0, 0, 0, 0, 0, 24, 0, 0, 0, 0, 0, 0, 0, 6, 30
"f:\Projects\ktracer_center\linux\runner\CMakeLists.txt", "CMake", 0, 0, 0, 0, 0, 21, 0, 0, 0, 0, 0, 0, 0, 6, 27
"f:\Projects\ktracer_center\linux\runner\main.cc", "C++", 0, 0, 0, 0, 0, 0, 5, 0, 0, 0, 0, 0, 0, 2, 7
"f:\Projects\ktracer_center\linux\runner\my_application.cc", "C++", 0, 0, 0, 0, 0, 0, 104, 0, 0, 0, 0, 0, 26, 29, 159
"f:\Projects\ktracer_center\linux\runner\my_application.h", "C++", 0, 0, 0, 0, 0, 0, 7, 0, 0, 0, 0, 0, 7, 5, 19
"f:\Projects\ktracer_center\macos\Flutter\GeneratedPluginRegistrant.swift", "Swift", 0, 0, 0, 0, 0, 0, 0, 20, 0, 0, 0, 0, 3, 4, 27
"f:\Projects\ktracer_center\macos\RunnerTests\RunnerTests.swift", "Swift", 0, 0, 0, 0, 0, 0, 0, 7, 0, 0, 0, 0, 2, 4, 13
"f:\Projects\ktracer_center\macos\Runner\AppDelegate.swift", "Swift", 0, 0, 0, 0, 0, 0, 0, 11, 0, 0, 0, 0, 0, 3, 14
"f:\Projects\ktracer_center\macos\Runner\Assets.xcassets\AppIcon.appiconset\Contents.json", "JSON", 0, 68, 0, 0, 0, 0, 0, 0, 0, 0, 0, 0, 0, 1, 69
"f:\Projects\ktracer_center\macos\Runner\Base.lproj\MainMenu.xib", "XML", 0, 0, 0, 0, 0, 0, 0, 0, 343, 0, 0, 0, 0, 1, 344
"f:\Projects\ktracer_center\macos\Runner\MainFlutterWindow.swift", "Swift", 0, 0, 0, 0, 0, 0, 0, 12, 0, 0, 0, 0, 0, 4, 16
"f:\Projects\ktracer_center\migrations\001_simplified_schema.sql", "MS SQL", 0, 0, 103, 0, 0, 0, 0, 0, 0, 0, 0, 0, 32, 22, 157
"f:\Projects\ktracer_center\migrations\002_device_locks.sql", "MS SQL", 0, 0, 33, 0, 0, 0, 0, 0, 0, 0, 0, 0, 15, 12, 60
"f:\Projects\ktracer_center\migrations\003_device_locks_real_id.sql", "MS SQL", 0, 0, 5, 0, 0, 0, 0, 0, 0, 0, 0, 0, 5, 4, 14
"f:\Projects\ktracer_center\pubspec.yaml", "YAML", 0, 0, 0, 24, 0, 0, 0, 0, 0, 0, 0, 0, 0, 5, 29
"f:\Projects\ktracer_center\web\index.html", "HTML", 0, 0, 0, 0, 19, 0, 0, 0, 0, 0, 0, 0, 15, 5, 39
"f:\Projects\ktracer_center\web\manifest.json", "JSON", 0, 35, 0, 0, 0, 0, 0, 0, 0, 0, 0, 0, 0, 1, 36
"f:\Projects\ktracer_center\windows\CMakeLists.txt", "CMake", 0, 0, 0, 0, 0, 89, 0, 0, 0, 0, 0, 0, 0, 20, 109
"f:\Projects\ktracer_center\windows\flutter\CMakeLists.txt", "CMake", 0, 0, 0, 0, 0, 98, 0, 0, 0, 0, 0, 0, 0, 12, 110
"f:\Projects\ktracer_center\windows\flutter\generated_plugin_registrant.cc", "C++", 0, 0, 0, 0, 0, 0, 21, 0, 0, 0, 0, 0, 4, 5, 30
"f:\Projects\ktracer_center\windows\flutter\generated_plugin_registrant.h", "C++", 0, 0, 0, 0, 0, 0, 5, 0, 0, 0, 0, 0, 5, 6, 16
"f:\Projects\ktracer_center\windows\flutter\generated_plugins.cmake", "CMake", 0, 0, 0, 0, 0, 24, 0, 0, 0, 0, 0, 0, 0, 6, 30
"f:\Projects\ktracer_center\windows\runner\CMakeLists.txt", "CMake", 0, 0, 0, 0, 0, 34, 0, 0, 0, 0, 0, 0, 0, 7, 41
"f:\Projects\ktracer_center\windows\runner\flutter_window.cpp", "C++", 0, 0, 0, 0, 0, 0, 58, 0, 0, 0, 0, 0, 8, 16, 82
"f:\Projects\ktracer_center\windows\runner\flutter_window.h", "C++", 0, 0, 0, 0, 0, 0, 20, 0, 0, 0, 0, 0, 5, 9, 34
"f:\Projects\ktracer_center\windows\runner\main.cpp", "C++", 0, 0, 0, 0, 0, 0, 36, 0, 0, 0, 0, 0, 4, 12, 52
"f:\Projects\ktracer_center\windows\runner\resource.h", "C++", 0, 0, 0, 0, 0, 0, 9, 0, 0, 0, 0, 0, 6, 2, 17
"f:\Projects\ktracer_center\windows\runner\utils.cpp", "C++", 0, 0, 0, 0, 0, 0, 54, 0, 0, 0, 0, 0, 2, 10, 66
"f:\Projects\ktracer_center\windows\runner\utils.h", "C++", 0, 0, 0, 0, 0, 0, 8, 0, 0, 0, 0, 0, 6, 6, 20
"f:\Projects\ktracer_center\windows\runner\win32_window.cpp", "C++", 0, 0, 0, 0, 0, 0, 210, 0, 0, 0, 0, 0, 24, 55, 289
"f:\Projects\ktracer_center\windows\runner\win32_window.h", "C++", 0, 0, 0, 0, 0, 0, 48, 0, 0, 0, 0, 0, 31, 24, 103
"Total", "-", 5, 248, 141, 25, 19, 473, 618, 69, 470, 7074, 1000, 8, 731, 1370, 12251